timestamp,uptime_s,session_thoughts,lifetime_thoughts,entropy,entropy_desc,fractality,fractality_desc,burst_ratio,competition_level,valence,arousal
2025-12-25T22:44:13Z,572,54393,1313100,1.4827503,BALANCED,0.3064665,CLOCKWORK,3.2228196,High,0.23509872,0.9588449
2025-12-25T22:45:13Z,632,54466,1313600,1.5800573,BALANCED,0.32880846,CLOCKWORK,3.7203228,High,-0.2757268,0.5955531
2025-12-25T22:46:13Z,692,54533,1314000,1.4959912,BALANCED,0.4159574,BALANCED,5.964163,High,0.08520758,0.5180482
2025-12-25T22:47:13Z,752,54604,1314500,1.5987964,BALANCED,0.31242558,CLOCKWORK,3.5156794,High,-0.39821124,0.68584156
2025-12-25T22:48:13Z,812,54678,1315000,1.5202887,BALANCED,0.3520267,BALANCED,3.987805,High,0.051970005,0.87981755
2025-12-25T22:49:14Z,873,54736,1315500,1.5731847,BALANCED,0.36822474,BALANCED,4.336082,High,-0.032737017,0.65169996
2025-12-25T22:50:14Z,933,54802,1316000,1.4624094,BALANCED,0.37574694,BALANCED,4.296382,High,-0.36284292,0.8788842
2025-12-25T22:51:14Z,993,54862,1316500,1.5864183,BALANCED,0.34336853,CLOCKWORK,3.689258,High,0.4733405,0.6271752
2025-12-25T22:52:14Z,1053,54924,1316900,1.4959912,BALANCED,0.34368432,CLOCKWORK,4.1911407,High,0.35377598,0.4050737
2025-12-25T22:53:14Z,1113,54997,1317400,1.2954618,BALANCED,0.38195994,BALANCED,4.9114485,High,-0.1803484,0.41397762
2025-12-25T22:54:14Z,1173,55058,1317900,1.4955229,BALANCED,0.39375517,BALANCED,4.9179173,High,-0.06635475,0.27286202
2025-12-25T22:55:14Z,1233,55137,1318400,1.453269,BALANCED,0.5384338,BALANCED,6.964441,High,0.1866585,0.77709377
2025-12-25T22:56:14Z,1293,55217,1318900,1.4598532,BALANCED,0.36431527,BALANCED,4.2092743,Intense,-0.21679866,0.7917888
2025-12-25T22:57:15Z,1354,55275,1319400,1.4590114,BALANCED,0.43043286,BALANCED,5.171195,High,-0.49413013,0.8638028
2025-12-25T22:58:15Z,1414,55349,1319800,1.4909394,BALANCED,0.4758652,BALANCED,5.782671,High,-0.48041654,0.91350406
2025-12-25T22:59:15Z,1474,55425,1320300,1.2792428,BALANCED,0.3754052,BALANCED,4.440195,High,-0.36741698,0.87250495
2025-12-25T23:00:15Z,1534,55484,1320800,1.4858363,BALANCED,0.35634285,BALANCED,3.8457434,High,0.20627093,0.31159133
2025-12-25T23:01:15Z,1594,55544,1321300,1.5273392,BALANCED,0.37806514,BALANCED,4.3096023,High,0.238706,0.48410922
2025-12-25T23:02:15Z,1654,55610,1321800,1.6172068,BALANCED,0.33727568,CLOCKWORK,4.0469327,High,0.11500275,0.844108
2025-12-25T23:03:15Z,1714,55678,1322300,1.5771279,BALANCED,0.328057,CLOCKWORK,3.7096179,High,-0.0025746822,0.87054026
2025-12-25T23:04:15Z,1774,55728,1322700,1.5192279,BALANCED,0.34446362,CLOCKWORK,4.783314,High,-0.24252272,0.18685977
2025-12-25T23:05:15Z,1834,55803,1323200,1.4921272,BALANCED,0.38762894,BALANCED,4.7123313,High,-0.05813217,0.63968784
2025-12-25T23:06:16Z,1895,55880,1323700,1.6047795,BALANCED,0.38726082,BALANCED,5.069158,High,-0.4008695,0.75441223
2025-12-25T23:07:16Z,1955,55957,1324200,1.5976726,BALANCED,0.3132081,CLOCKWORK,3.4167228,High,0.28151655,0.88108087
2025-12-25T23:08:16Z,2015,56027,1324700,1.5475605,BALANCED,0.3615315,BALANCED,4.307291,High,-0.06662059,0.67642987
2025-12-25T23:09:16Z,2075,56086,1325200,1.5375886,BALANCED,0.4308294,BALANCED,5.9780927,High,-0.24173748,0.4155501
2025-12-25T23:10:16Z,2135,56166,1325600,1.4754915,BALANCED,0.4656163,BALANCED,6.6945887,High,-0.42248333,0.6747464
2025-12-25T23:11:16Z,2195,56225,1326100,1.518259,BALANCED,0.37380752,BALANCED,4.7153406,High,-0.07562506,0.9057746
